<?xml version="1.0" encoding="UTF-8" standalone="no"?>
<project default="create_run_jar" name="Create Runnable Jar for Project DFTBOEToolsBase">
    <!--this file was created by Eclipse Runnable JAR Export Wizard-->
    <!--ANT 1.7 is required                                        -->
    <target name="create_run_jar">
        <jar destfile="C:/Users/roy.wells/Desktop/SessionKiller.jar" filesetmanifest="mergewithoutmain">
            <manifest>
                <attribute name="Main-Class" value="com.dft.boetools.programs.SessionKiller"/>
                <attribute name="Class-Path" value="."/>
            </manifest>
            <fileset dir="C:/Users/roy.wells/workspace/DFTBOEToolsBase/bin"/>
        </jar>
    </target>
</project>
