<?xml version="1.0" encoding="UTF-8" standalone="no"?>
<project default="create_run_jar" name="Create Runnable Jar for Project DFTBOEToolsBase">
    <!--this file was created by Eclipse Runnable JAR Export Wizard-->
    <!--ANT 1.7 is required                                        -->
    <target name="create_run_jar">
        <jar destfile="C:/Users/roy.wells/Desktop/BOETools.jar" filesetmanifest="mergewithoutmain">
            <manifest>
                <attribute name="Main-Class" value="com.dft.boetools.programs.AliasRemover"/>
                <attribute name="Class-Path" value="."/>
            </manifest>
            <fileset dir="C:/Users/roy.wells/workspace/DFTBOEToolsBase/bin"/>
            <zipfileset excludes="META-INF/*.SF" src="C:/Program Files (x86)/SAP BusinessObjects/SAP BusinessObjects Enterprise XI 4.0/java/lib/bcm.jar"/>
            <zipfileset excludes="META-INF/*.SF" src="C:/Program Files (x86)/SAP BusinessObjects/SAP BusinessObjects Enterprise XI 4.0/java/lib/biarengine.jar"/>
            <zipfileset excludes="META-INF/*.SF" src="C:/Program Files (x86)/SAP BusinessObjects/SAP BusinessObjects Enterprise XI 4.0/java/lib/ceaspect.jar"/>
            <zipfileset excludes="META-INF/*.SF" src="C:/Program Files (x86)/SAP BusinessObjects/SAP BusinessObjects Enterprise XI 4.0/java/lib/cecore.jar"/>
            <zipfileset excludes="META-INF/*.SF" src="C:/Program Files (x86)/SAP BusinessObjects/SAP BusinessObjects Enterprise XI 4.0/java/lib/celib.jar"/>
            <zipfileset excludes="META-INF/*.SF" src="C:/Program Files (x86)/SAP BusinessObjects/SAP BusinessObjects Enterprise XI 4.0/java/lib/ceplugins_core.jar"/>
            <zipfileset excludes="META-INF/*.SF" src="C:/Program Files (x86)/SAP BusinessObjects/SAP BusinessObjects Enterprise XI 4.0/java/lib/cesession.jar"/>
            <zipfileset excludes="META-INF/*.SF" src="C:/Program Files (x86)/SAP BusinessObjects/SAP BusinessObjects Enterprise XI 4.0/java/lib/corbaidl.jar"/>
            <zipfileset excludes="META-INF/*.SF" src="C:/Program Files (x86)/SAP BusinessObjects/SAP BusinessObjects Enterprise XI 4.0/java/lib/ebus405.jar"/>
            <zipfileset excludes="META-INF/*.SF" src="C:/Program Files (x86)/SAP BusinessObjects/SAP BusinessObjects Enterprise XI 4.0/java/lib/logging.jar"/>
            <zipfileset excludes="META-INF/*.SF" src="C:/Program Files (x86)/SAP BusinessObjects/SAP BusinessObjects Enterprise XI 4.0/java/lib/TraceLog.jar"/>
            <zipfileset excludes="META-INF/*.SF" src="C:/Program Files (x86)/SAP BusinessObjects/SAP BusinessObjects Enterprise XI 4.0/java/lib/biplugins.jar"/>
            <zipfileset excludes="META-INF/*.SF" src="C:/Program Files (x86)/SAP BusinessObjects/SAP BusinessObjects Enterprise XI 4.0/java/lib/activation-1.1.jar"/>
            <zipfileset excludes="META-INF/*.SF" src="C:/Program Files (x86)/SAP BusinessObjects/SAP BusinessObjects Enterprise XI 4.0/java/lib/aspectjrt.jar"/>
            <zipfileset excludes="META-INF/*.SF" src="C:/Program Files (x86)/SAP BusinessObjects/SAP BusinessObjects Enterprise XI 4.0/java/lib/axiom-api-1.2.5.jar"/>
            <zipfileset excludes="META-INF/*.SF" src="C:/Program Files (x86)/SAP BusinessObjects/SAP BusinessObjects Enterprise XI 4.0/java/lib/axiom-impl-1.2.5.jar"/>
            <zipfileset excludes="META-INF/*.SF" src="C:/Program Files (x86)/SAP BusinessObjects/SAP BusinessObjects Enterprise XI 4.0/java/lib/axis2-adb-1.3.jar"/>
            <zipfileset excludes="META-INF/*.SF" src="C:/Program Files (x86)/SAP BusinessObjects/SAP BusinessObjects Enterprise XI 4.0/java/lib/axis2-kernel-1.3.jar"/>
            <zipfileset excludes="META-INF/*.SF" src="C:/Program Files (x86)/SAP BusinessObjects/SAP BusinessObjects Enterprise XI 4.0/java/lib/axis2-saaj-1.3.jar"/>
            <zipfileset excludes="META-INF/*.SF" src="C:/Program Files (x86)/SAP BusinessObjects/SAP BusinessObjects Enterprise XI 4.0/java/lib/backport-util-concurrent-2.2.jar"/>
            <zipfileset excludes="META-INF/*.SF" src="C:/Program Files (x86)/SAP BusinessObjects/SAP BusinessObjects Enterprise XI 4.0/java/lib/certjFIPS.jar"/>
            <zipfileset excludes="META-INF/*.SF" src="C:/Program Files (x86)/SAP BusinessObjects/SAP BusinessObjects Enterprise XI 4.0/java/lib/com.sap.js.passport.api.jar"/>
            <zipfileset excludes="META-INF/*.SF" src="C:/Program Files (x86)/SAP BusinessObjects/SAP BusinessObjects Enterprise XI 4.0/java/lib/commons-logging-1.1.jar"/>
            <zipfileset excludes="META-INF/*.SF" src="C:/Program Files (x86)/SAP BusinessObjects/SAP BusinessObjects Enterprise XI 4.0/java/lib/cryptojFIPS.jar"/>
            <zipfileset excludes="META-INF/*.SF" src="C:/Program Files (x86)/SAP BusinessObjects/SAP BusinessObjects Enterprise XI 4.0/java/lib/derby.jar"/>
            <zipfileset excludes="META-INF/*.SF" src="C:/Program Files (x86)/SAP BusinessObjects/SAP BusinessObjects Enterprise XI 4.0/java/lib/freessl201.jar"/>
            <zipfileset excludes="META-INF/*.SF" src="C:/Program Files (x86)/SAP BusinessObjects/SAP BusinessObjects Enterprise XI 4.0/java/lib/log4j.jar"/>
            <zipfileset excludes="META-INF/*.SF" src="C:/Program Files (x86)/SAP BusinessObjects/SAP BusinessObjects Enterprise XI 4.0/java/lib/ssljFIPS.jar"/>
            <zipfileset excludes="META-INF/*.SF" src="C:/Program Files (x86)/SAP BusinessObjects/SAP BusinessObjects Enterprise XI 4.0/java/lib/stax-api-1.0.1.jar"/>
            <zipfileset excludes="META-INF/*.SF" src="C:/Program Files (x86)/SAP BusinessObjects/SAP BusinessObjects Enterprise XI 4.0/java/lib/wsdl4j-1.6.2.jar"/>
            <zipfileset excludes="META-INF/*.SF" src="C:/Program Files (x86)/SAP BusinessObjects/SAP BusinessObjects Enterprise XI 4.0/java/lib/wstx-asl-3.2.1.jar"/>
            <zipfileset excludes="META-INF/*.SF" src="C:/Program Files (x86)/SAP BusinessObjects/SAP BusinessObjects Enterprise XI 4.0/java/lib/XmlSchema-1.3.2.jar"/>
        </jar>
    </target>
</project>
